{"cameraMode":{"drawMode":0,"name":"Shaded","section":"Shading Mode"},"sceneLighting":true,"audioPlay":false,"sceneViewState":{"showFog":false,"showMaterialUpdate":false,"showSkybox":false,"showFlares":false,"showImageEffects":false,"showParticleSystems":false},"in2DMode":false,"pivot":{"x":-0.1413556933403015,"y":2.2704100608825685,"z":-1.6732693910598755},"rotation":{"x":-0.00043621871736831963,"y":-0.9994381070137024,"z":0.030301839113235475,"w":-0.014386546798050404},"size":0.8660253882408142,"orthographic":false}